Workbook

Sheet 2026 Özel Günler
A1: Özel Günler ve Resmi Tatiller
A3: Tarih | B3: Özel Günler | C3: Resmi Tatil | D3: Ay
A4: 1.01. | B4: Yeni Yıl | C4: Resmi Tatil | D4: Ocak
A5: 46024 | B5: Bilim Kurgu Günü | C5: — | D5: Ocak
A6: 46032 | B6: Dünya Gazeteciler Günü, Ziraat Mühendisleri Günü | C6: — | D6: Ocak
A8: 46038 | B8: Dünya Hijyen Günü | C8: — | D8: Ocak
A9: 46043 | B9: Dünya Sarılma Günü | C9: — | D9: Ocak
A10: 46046 | B10: Dünya Karşılıksız İyilik Günü | C10: — | D10: Ocak
A11: 24 – 31 Ocak | B11: Dünya Cüzzam Haftası | C11: — | D11: Ocak
A12: 46048 | B12: Uluslararası Gümrük Günü | C12: — | D12: Ocak
A13: 46050 | B13: Veri Koruma Günü | C13: — | D13: Ocak
A15: 46057 | B15: Dünya Kanser Günü | C15: — | D15: Şubat
A16: 46062 | B16: Dünya Sigarayı Bırakma Günü, Dünya Pizza Günü | C16: — | D16: Şubat
A18: 46066 | B18: Dünya Radyo Günü | C18: — | D18: Şubat
A19: 46067 | B19: Sevgililer Günü, Dünya Öykü Günü | C19: — | D19: Şubat
A20: 46070 | B20: Dünya Kediler Günü | C20: — | D20: Şubat
A21: 46080 | B21: Dünya Ressamlar Günü | C21: — | D21: Şubat
A22: 46081 | B22: Sivil Savunma Günü | C22: — | D22: Şubat
A23: 1 – 7 Mart | B23: Yeşilay Haftası, Deprem Haftası, Girişimcilik Haftası | C23: — | D23: Mart
A24: 46089 | B24: Dünya Kadınlar Günü | C24: — | D24: Mart
A25: 8 – 14 Mart | B25: Bilim ve Teknoloji Haftası | C25: — | D25: Mart
A26: 46093 | B26: İstiklal Marşı’nın Kabulü ve Mehmet Akif Ersoy’u Anma Günü | C26: — | D26: Mart
A27: 46095 | B27: Tıp Bayramı | C27: — | D27: Mart
A29: 46099 | B29: Çanakkale Zaferi | C29: — | D29: Mart
A30: 18-24 Mart | B30: Yaşlılara Saygı Haftası | C30: — | D30: Mart
A33: 46102 | B33: Nevruz Bayramı | C33: — | D33: Mart
A34: 46102 | B34: Dünya Down Sendromu Farkındalık Günü | C34: — | D34: Mart
A35: 46102 | B35: Dünya Şiir Günü | C35: — | D35: Mart
A36: 46102 | B36: Dünya Ormancılık Günü | C36: — | D36: Mart
A37: 21 – 26 Mart | B37: Orman Haftası | C37: — | D37: Mart
A38: 46103 | B38: Dünya Su Günü | C38: — | D38: Mart
A39: 46104 | B39: Dünya Meteoroloji Günü | C39: — | D39: Mart
A40: 46108 | B40: Dünya Tiyatrolar Günü | C40: — | D40: Mart
A41: 27 Mart – 2 Nisan | B41: Kütüphane Haftası | C41: — | D41: Mart
A42: 46113 | B42: Dünya Şaka Günü | C42: — | D42: Nisan
A43: 1 – 7 Nisan | B43: Kanserle Savaş Haftası | C43: — | D43: Nisan
A44: 46114 | B44: Dünya Otizm Farkındalık Günü | C44: — | D44: Nisan
A45: 46116 | B45: Dünya Sokak Hayvanları Günü | C45: — | D45: Nisan
A46: 46119 | B46: Kişisel Verileri Koruma Günü | C46: — | D46: Nisan
A47: 7 – 13 Nisan | B47: Dünya Sağlık Haftası, Sağlık ve Sosyal Güvenlik Haftası | C47: — | D47: Nisan
A48: 46122 | B48: Polis Günü | C48: — | D48: Nisan
A50: 15 – 21 Nisan | B50: Malazgirt Haftası, Turizm Haftası | C50: — | D50: Nisan
A51: 19 – 25 Nisan | B51: Kitap Günü ve Kütüphaneler Haftası | C51: — | D51: Nisan
A52: 46134 | B52: Dünya Günü | C52: — | D52: Nisan
A53: 46135 | B53: Ulusal Egemenlik ve Çocuk Bayramı | C53: Resmi Tatil | D53: Nisan
A54: 46137 | B54: Dünya Veteriner Hekimliği Günü, Türkiye İstatistik Günü | C54: — | D54: Nisan
A55: 46141 | B55: Dünya Dans Günü | C55: — | D55: Nisan
A56: 46143 | B56: İşçi Bayramı | C56: Resmi Tatil | D56: Mayıs
A57: 1 – 7 Mayıs | B57: Trafik ve İlkyardım Haftası | C57: — | D57: Mayıs
A58: 2 – 10 Mayıs | B58: İş Güvenliği Haftası | C58: — | D58: Mayıs
A59: 5 – 6 Mayıs | B59: Hıdırellez | C59: — | D59: Mayıs
A60: 46150 | B60: Dünya Ebeveynler Günü | C60: — | D60: Mayıs
A61: 10 – 16 Mayıs | B61: Engelliler Haftası | C61: — | D61: Mayıs
A62: 46152 | B62: Anneler Günü | C62: — | D62: Mayıs
A63: 12 – 18 Mayıs | B63: Hemşireler Haftası | C63: — | D63: Mayıs
A64: 15 – 21 Mayıs | B64: Gençlik Haftası | C64: — | D64: Mayıs
A65: 18 – 24 Mayıs | B65: Müzeler Haftası | C65: — | D65: Mayıs
A66: 46161 | B66: Atatürk’ü Anma Gençlik ve Spor Bayramı | C66: Resmi Tatil | D66: Mayıs
A69: 46171 | B69: İstanbul’un Fethi | C69: — | D69: Mayıs
A70: 46173 | B70: Dünya Sigara İçmeme Günü | C70: — | D70: Mayıs
A71: 46174 | B71: Dünya Çocuk Günü | C71: — | D71: Haziran
A72: 46178 | B72: Çevre Koruma Haftası | C72: — | D72: Haziran
A73: 46181 | B73: Dünya Okyanus Günü | C73: — | D73: Haziran
A74: 46194 | B74: Babalar Günü | C74: — | D74: Haziran
A75: 46194 | B75: En Uzun Gün | C75: — | D75: Haziran
A76: 46199 | B76: Aşure Günü | C76: — | D76: Haziran
A77: 46204 | B77: Kabotaj ve Deniz Bayramı | C77: — | D77: Temmuz
A78: 1 – 7 Temmuz | B78: Uluslararası Nasreddin Hoca Şenlikleri | C78: — | D78: Temmuz
A79: 46205 | B79: Dünya Ufo Günü | C79: — | D79: Temmuz
A80: 46209 | B80: Dünya Öpücük Günü | C80: — | D80: Temmuz
A81: 46210 | B81: Dünya Çikolata Günü | C81: — | D81: Temmuz
A82: 46213 | B82: Dünya Hukuk Günü | C82: — | D82: Temmuz
A83: 46214 | B83: Dünya Nüfus Günü | C83: — | D83: Temmuz
A84: 46218 | B84: Demokrasi ve Milli Birlik Günü | C84: Resmi Tatil | D84: Temmuz
A85: 46220 | B85: Dünya Emoji Günü | C85: — | D85: Temmuz
A86: 46223 | B86: Uluslararası Satranç Günü | C86: — | D86: Temmuz
A87: 46231 | B87: Dünya Hepatit Günü | C87: — | D87: Temmuz
A88: 46233 | B88: Dünya Arkadaşlık Günü | C88: — | D88: Temmuz
A89: 46250 | B89: Türklerin Anadolu’da İlk Fetih Günü | C89: — | D89: Ağustos
A90: 16 Ağustos – 23 Ağustos | B90: Hacı Bektaşı Veli’yi Anma Günü ve Haftası | C90: — | D90: Ağustos
A91: 46253 | B91: Dünya İnsanı Yardım Günü | C91: — | D91: Ağustos
A93: 46264 | B93: Zafer Bayramı | C93: Resmi Tatil | D93: Ağustos
A94: 46266 | B94: Dünya Barış Günü | C94: — | D94: Eylül
A95: 3 – 9 Eylül | B95: Halk Sağlığı Haftası | C95: — | D95: Eylül
A96: 46273 | B96: Dünya Okuma Yazma Günü | C96: — | D96: Eylül
A97: 46284 | B97: Gaziler Günü | C97: — | D97: Eylül
A98: 46286 | B98: Dünya Barış Günü | C98: — | D98: Eylül
A99: 46290 | B99: Dünya Eczacılık Günü | C99: — | D99: Eylül
A100: 46291 | B100: Dil Bayramı | C100: — | D100: Eylül
A101: 46292 | B101: Dünya Turizm Günü | C101: — | D101: Eylül
A102: 46299 | B102: Hayvanları Koruma Günü, Dünya Mimarlık Günü | C102: — | D102: Ekim
A103: 46305 | B103: Dünya Ruh Sağlığı Günü | C103: — | D103: Ekim
A104: 46306 | B104: Dünya Kız Çocukları Günü | C104: — | D104: Ekim
A105: 46308 | B105: Ankara’nın Başkent Oluşu | C105: — | D105: Ekim
A106: 46311 | B106: Dünya Gıda Günü | C106: — | D106: Ekim
A107: 46312 | B107: Dünya Yoksullukla Mücadele Günü | C107: — | D107: Ekim
A108: 19 Ekim – 4 Kasım | B108: Kızılay Haftası | C108: — | D108: Ekim
A109: 46319 | B109: Birleşmiş Milletler Günü | C109: — | D109: Ekim
A110: 46324 | B110: Cumhuriyet Bayramı | C110: Resmi Tatil | D110: Ekim
A111: 46326 | B111: Dünya Tasarruf Günü | C111: — | D111: Ekim
...

Sheet 2026 Resmi Tatiller
A1: 2026 Resmi Tatiller
A2: Avansas “2026 Resmi Tatiller” tablosu (kaynak sitedeki ikinci tablo)
A3: Tarih | B3: Gün | C3: Özel Günler
A4: 1 Ocak 2026 | B4: Perşembe | C4: Yeni Yıl
A5: 19 Mart 2026 | B5: Perşembe | C5: Ramazan Bayramı Arifesi (Yarım Gün)
A6: 20 Mart -22 Mart 2026 | B6: Cuma – Pazar | C6: Ramazan Bayramı
A7: 23 Nisan 2026 | B7: Perşembe | C7: Ulusal Egemenlik ve Çocuk Bayramı
A8: 1 Mayıs 2026 | B8: Cuma | C8: İşçi Bayramı
A9: 19 Mayıs 2026 | B9: Salı | C9: Atatürk’ü Anma Gençlik ve Spor Bayramı
A10: 26 Mayıs 2026 | B10: Salı | C10: Kurban Bayramı Arefesi
A11: 27-30 Mayıs 2026 | B11: Çarşamba – Cumartesi | C11: Kurban Bayramı
A12: 15 Temmuz 2026 | B12: Çarşamba | C12: Demokrasi ve Milli Birlik Günü
A13: 30 Ağustos 2026 | B13: Pazar | C13: Zafer Bayramı
A14: 29 Ekim 2026 | B14: Perşembe | C14: Cumhuriyet Bayramı
A16: Not: Avansas resmi tatiller tablosunda 28 Ekim Cumhuriyet Bayramı arifesi (yarım gün) ayrı satır olarak yer almıyor. 2429 sayılı Kanun’a göre 28 Ekim öğleden sonra da resmi tatildir.

Sheet Özet
A1: 2026 — Ay Bazında Özet
A3: Ay | B3: Kayıt sayısı | C3: Resmi tatil kaydı
A4: Ocak | B4: =COUNTIF('2026 Özel Günler'!D$4:D$129,A4) -> 9 | C4: =COUNTIFS('2026 Özel Günler'!D$4:D$129,A4,'2026 Özel Günler'!C$4:C$129,"*Resmi Tatil*") -> 1
A5: Şubat | B5: =COUNTIF('2026 Özel Günler'!D$4:D$129,A5) -> 7 | C5: =COUNTIFS('2026 Özel Günler'!D$4:D$129,A5,'2026 Özel Günler'!C$4:C$129,"*Resmi Tatil*") -> 0
A6: Mart | B6: =COUNTIF('2026 Özel Günler'!D$4:D$129,A6) -> 16 | C6: =COUNTIFS('2026 Özel Günler'!D$4:D$129,A6,'2026 Özel Günler'!C$4:C$129,"*Resmi Tatil*") -> 0
A7: Nisan | B7: =COUNTIF('2026 Özel Günler'!D$4:D$129,A7) -> 13 | C7: =COUNTIFS('2026 Özel Günler'!D$4:D$129,A7,'2026 Özel Günler'!C$4:C$129,"*Resmi Tatil*") -> 1
A8: Mayıs | B8: =COUNTIF('2026 Özel Günler'!D$4:D$129,A8) -> 13 | C8: =COUNTIFS('2026 Özel Günler'!D$4:D$129,A8,'2026 Özel Günler'!C$4:C$129,"*Resmi Tatil*") -> 2
A9: Haziran | B9: =COUNTIF('2026 Özel Günler'!D$4:D$129,A9) -> 6 | C9: =COUNTIFS('2026 Özel Günler'!D$4:D$129,A9,'2026 Özel Günler'!C$4:C$129,"*Resmi Tatil*") -> 0
A10: Temmuz | B10: =COUNTIF('2026 Özel Günler'!D$4:D$129,A10) -> 12 | C10: =COUNTIFS('2026 Özel Günler'!D$4:D$129,A10,'2026 Özel Günler'!C$4:C$129,"*Resmi Tatil*") -> 1
A11: Ağustos | B11: =COUNTIF('2026 Özel Günler'!D$4:D$129,A11) -> 4 | C11: =COUNTIFS('2026 Özel Günler'!D$4:D$129,A11,'2026 Özel Günler'!C$4:C$129,"*Resmi Tatil*") -> 1
A12: Eylül | B12: =COUNTIF('2026 Özel Günler'!D$4:D$129,A12) -> 8 | C12: =COUNTIFS('2026 Özel Günler'!D$4:D$129,A12,'2026 Özel Günler'!C$4:C$129,"*Resmi Tatil*") -> 0
A13: Ekim | B13: =COUNTIF('2026 Özel Günler'!D$4:D$129,A13) -> 10 | C13: =COUNTIFS('2026 Özel Günler'!D$4:D$129,A13,'2026 Özel Günler'!C$4:C$129,"*Resmi Tatil*") -> 1
A14: Kasım | B14: =COUNTIF('2026 Özel Günler'!D$4:D$129,A14) -> 9 | C14: =COUNTIFS('2026 Özel Günler'!D$4:D$129,A14,'2026 Özel Günler'!C$4:C$129,"*Resmi Tatil*") -> 0
A15: Aralık | B15: =COUNTIF('2026 Özel Günler'!D$4:D$129,A15) -> 8 | C15: =COUNTIFS('2026 Özel Günler'!D$4:D$129,A15,'2026 Özel Günler'!C$4:C$129,"*Resmi Tatil*") -> 0
A16: Toplam | B16: =SUM(B4:B15) -> 115 | C16: =SUM(C4:C15) -> 7
